{"cameraMode":{"drawMode":0,"name":"Shaded","section":"Shading Mode"},"sceneLighting":false,"audioPlay":false,"sceneViewState":{"showFog":true,"showMaterialUpdate":false,"showSkybox":false,"showFlares":true,"showImageEffects":true,"showParticleSystems":true},"in2DMode":false,"pivot":{"x":-14.399999618530274,"y":2.0,"z":14.300000190734864},"rotation":{"x":0.05024660378694534,"y":0.8690937757492065,"z":-0.09027381986379624,"w":0.4837402105331421},"size":2.8578836917877199,"orthographic":true}